date,real_yield,pred_1,pred_2,pred_3,pred_4,pred_5,pred_6,pred_7,pred_8,pred_9,pred_10
2024-06-05,0.022855,0.022872975,0.022849478,0.022911126,0.028438415,0.022881367,0.022808083,0.023510453,0.023377046,0.022596922,0.022858092257034023
2024-06-06,0.022851,0.022865388,0.022856832,0.022890653,0.028438884,0.022891489,0.022782022,0.023498593,0.023373046,0.022580967,0.02284912534656049
2024-06-07,0.022823,0.022815525,0.022835162,0.022822221,0.028437946,0.022852707,0.022690319,0.023466801,0.023345046,0.022604932,0.02284865794498314
2024-06-11,0.022787,0.022758343,0.022780786,0.022813073,0.028431379,0.022819197,0.022690133,0.02345972,0.023309046,0.022573755,0.022822364639856
2024-06-12,0.022773,0.022780686,0.022763845,0.022802143,0.028422936,0.022807874,0.022685556,0.023457564,0.023295046,0.022618146,0.022786294393207215
2024-06-13,0.022673,0.022705365,0.02267549,0.022762838,0.028419653,0.022747921,0.022592742,0.023448511,0.023195046,0.02256813,0.022770905603337707
2024-06-14,0.022582,0.022565957,0.022567485,0.022636749,0.0283962,0.022606665,0.022562779,0.023397493,0.023104046,0.022457953,0.02266895466464826
2024-06-17,0.022589,0.022582031,0.022580774,0.022594583,0.028374858,0.022581689,0.022552661,0.023360227,0.023111046,0.022472056,0.022578875440986402
2024-06-18,0.022518,0.022509379,0.022514186,0.022561725,0.0283765,0.022549975,0.022560919,0.02333371,0.023040046,0.022413996,0.0225824431514835
2024-06-19,0.022488,0.022461717,0.022481797,0.02251574,0.028359848,0.022510788,0.022560596,0.023303151,0.023010046,0.022318472,0.022511508413408227
2024-06-20,0.022407,0.022402135,0.022387395,0.022449661,0.028352812,0.022417814,0.022555223,0.023267172,0.022929046,0.022188755,0.02248772059465322
2024-06-21,0.022585,0.022583665,0.022569296,0.022555007,0.028333816,0.022549614,0.022685521,0.023272458,0.023107046,0.022271224,0.02240135642700168
2024-06-24,0.022475,0.022458592,0.022480351,0.022504185,0.028375562,0.022509806,0.022725708,0.023248041,0.022997046,0.022183294,0.02258619406949254
2024-06-25,0.02233,0.022315473,0.022344445,0.022409222,0.028349764,0.022387831,0.022756579,0.023210983,0.022852046,0.02201672,0.022469447003953452
2024-06-26,0.022255,0.022270273,0.022251077,0.02231266,0.028315757,0.022272485,0.022725221,0.023170148,0.022777046,0.021908411,0.022338149022679738
2024-06-27,0.022085,0.022135566,0.022088168,0.022196387,0.028298167,0.022135168,0.022721285,0.023122368,0.022607046,0.021735217,0.022245562098079322
2024-06-28,0.022021,0.022003041,0.022006532,0.022057171,0.028258298,0.022032371,0.022641321,0.023058562,0.022543046,0.02166119,0.022072765630637016
2024-07-01,0.022406,0.022368526,0.022399461,0.022286522,0.028243288,0.022294016,0.022779771,0.023085273,0.022928046,0.022043813,0.02201361876672895
2024-07-02,0.022354,0.022353937,0.022363304,0.022352138,0.028333581,0.022365695,0.022791022,0.023095675,0.022876046,0.021931412,0.022402710032879893
2024-07-03,0.022345,0.022362393,0.022383771,0.022370864,0.028321386,0.022397642,0.022795186,0.023100063,0.022867046,0.021822861,0.022352683172010102
2024-07-04,0.022458,0.022476861,0.022475807,0.022495151,0.028319275,0.022476601,0.022825627,0.023138907,0.022980046,0.021869686,0.022368872507956935
2024-07-05,0.022653,0.022679575,0.022679781,0.022628975,0.028345777,0.022656245,0.02287074,0.023176815,0.023175046,0.022043469,0.022456483611491267
2024-07-08,0.022822,0.022763978,0.0228257,0.022715668,0.02839151,0.022824834,0.022915421,0.02322124,0.023344046,0.022319566,0.02265664748641884
2024-07-09,0.022642,0.022613641,0.02264059,0.022683488,0.028431145,0.022725875,0.022868169,0.023251557,0.023164046,0.02227864,0.022831983409544843
2024-07-10,0.022615,0.022598714,0.022620361,0.022664268,0.02838893,0.022674709,0.022838662,0.02327234,0.023137046,0.022209316,0.02265193461288071
2024-07-11,0.022592,0.022604666,0.022576299,0.0226513,0.028382597,0.022614529,0.022829661,0.023289885,0.023114046,0.022179096,0.022623353503162108
2024-07-12,0.022557,0.022630825,0.022564025,0.022615473,0.028377203,0.02261173,0.022838312,0.02328448,0.023079046,0.022123765,0.02257941234937824
2024-07-15,0.022476,0.022448191,0.022476429,0.02244777,0.028368995,0.02248795,0.022745131,0.023223721,0.022998046,0.021949833,0.02255409665274258
2024-07-16,0.022535,0.022519865,0.022523617,0.022536972,0.028349998,0.022536722,0.022746185,0.023240326,0.023057046,0.02193046,0.022472497108961317
2024-07-17,0.022531,0.022578321,0.022537325,0.022558901,0.028363835,0.022576923,0.022769351,0.023243549,0.023053046,0.021949152,0.02253420750635269
2024-07-18,0.022625,0.022642098,0.022630439,0.022617862,0.028362897,0.022647631,0.02280199,0.023251081,0.023147046,0.022007483,0.02252650989050401
2024-07-19,0.022556,0.022535441,0.022535879,0.02256209,0.028384943,0.022572352,0.022763178,0.023230672,0.023078046,0.021880434,0.022630618164630346
2024-07-22,0.022419,0.02244431,0.022434988,0.022465877,0.02836876,0.022478082,0.022695318,0.023195161,0.022941046,0.021775406,0.022555140869901864
2024-07-23,0.022276,0.022241506,0.022288114,0.022368775,0.02833663,0.022353663,0.022678869,0.023165853,0.022798046,0.021646363,0.02242216099600042
2024-07-24,0.022285,0.022286812,0.022274071,0.022329345,0.028303093,0.022310715,0.022715588,0.023142896,0.022807046,0.021579912,0.022267806720936405
2024-07-25,0.022186,0.022241822,0.022181652,0.02222083,0.028305203,0.022222753,0.022680137,0.023099205,0.022708046,0.021472818,0.022275922933380814
2024-07-26,0.02186,0.021892979,0.021856967,0.021982662,0.028281985,0.021933702,0.023040915,0.023018703,0.022382046,0.021309044,0.022175442715406887
2024-07-29,0.021626,0.021688664,0.02165285,0.021783623,0.028205529,0.021720256,0.022787151,0.022932172,0.022148046,0.021192406,0.021854632438996217
2024-07-30,0.021453,0.021521248,0.021471437,0.021591955,0.028150649,0.021567899,0.022785883,0.022829826,0.021975046,0.021079564,0.021613695454034063
2024-07-31,0.021407,0.021494045,0.021413554,0.021464822,0.028110076,0.021542055,0.022792778,0.022737458,0.021929046,0.020982053,0.021428259110714488
2024-08-01,0.021283,0.021312688,0.021281168,0.021305797,0.028099288,0.021500588,0.022744374,0.022637573,0.021805046,0.02080542,0.021390988349048602
2024-08-02,0.021244,0.021220342,0.02124273,0.021282128,0.028070206,0.021484897,0.022728966,0.02257937,0.021766046,0.020686722,0.02127055962921555
2024-08-05,0.021132,0.021132141,0.021132902,0.021212345,0.02806106,0.021412413,0.022707984,0.022519416,0.021654046,0.020419727,0.021241264911970772
2024-08-06,0.02147,0.021489134,0.021494265,0.021435825,0.028034793,0.021555853,0.022818308,0.022535304,0.021992046,0.020792051,0.02112277143232249
2024-08-07,0.02131,0.021295305,0.02132663,0.021344842,0.028114063,0.021484906,0.022817241,0.022492196,0.021832046,0.02058086,0.02147420669960149
2024-08-08,0.021597,0.021553905,0.021639505,0.021534068,0.028076539,0.021624133,0.023054467,0.022526726,0.022119046,0.020871121,0.02130297319499939
2024-08-09,0.02183,0.021746575,0.021841498,0.021770716,0.028143848,0.021803039,0.023120569,0.022606726,0.022352046,0.021097805,0.0216223667739605
2024-08-12,0.022425,0.022385112,0.022471596,0.022289674,0.028198493,0.022400947,0.023156009,0.022776044,0.022947046,0.021729425,0.02182625319799652
2024-08-13,0.022152,0.022106553,0.022175343,0.022180221,0.028338037,0.022257752,0.023144261,0.022814666,0.022674046,0.021511458,0.02245774456218641
2024-08-14,0.021894,0.0219657,0.021949947,0.022060083,0.028274011,0.022036108,0.023124684,0.022834057,0.022416046,0.021273456,0.02216560808282426
2024-08-15,0.021966,0.021945736,0.021980994,0.02201956,0.028213503,0.021976736,0.023097716,0.022851109,0.022488046,0.021427569,0.021922175515522745
2024-08-16,0.021878,0.02192315,0.02189249,0.021935328,0.028230389,0.021888475,0.023099716,0.022843233,0.022400046,0.021383047,0.021946157427842828
2024-08-19,0.02171,0.021733199,0.021691176,0.021697325,0.02820975,0.021725897,0.023081121,0.022782657,0.022232046,0.021218869,0.02186069526785296
2024-08-20,0.021697,0.021697768,0.0216611,0.021649599,0.02817035,0.021626308,0.023064348,0.022748094,0.022219046,0.021240506,0.021709195721450466
2024-08-21,0.02175,0.021794684,0.021751355,0.021797527,0.028167301,0.021739509,0.0230677,0.022768867,0.022272046,0.021341314,0.02169132231136441
2024-08-22,0.021516,0.021600718,0.021547153,0.02160145,0.028179731,0.021557466,0.023074666,0.022690398,0.022038046,0.021088344,0.02174180669925858
2024-08-23,0.021539,0.021645047,0.021579645,0.021583457,0.028124851,0.02155363,0.023048844,0.022644944,0.022061046,0.020994455,0.021511479937113328
2024-08-26,0.021475,0.021460687,0.021471604,0.021446478,0.028130245,0.021442856,0.023064549,0.022567575,0.021997046,0.020895809,0.021541233408806204
2024-08-27,0.021802,0.02179052,0.021830713,0.021713942,0.028115236,0.021802471,0.023128183,0.022619542,0.022324046,0.021240461,0.021460093183962498
2024-08-28,0.021657,0.021615591,0.021663595,0.021691099,0.028191926,0.021742102,0.023103082,0.022627961,0.022179046,0.021047913,0.021809387920388012
2024-08-29,0.021725,0.021741274,0.021747816,0.021753731,0.02815792,0.021791928,0.023129036,0.022645781,0.022247046,0.021088057,0.021653336347458443
2024-08-30,0.021726,0.021736261,0.021741887,0.021762871,0.028173868,0.021760703,0.023117236,0.022658448,0.022248046,0.021112824,0.021745504528827907
2024-09-02,0.02146,0.021549176,0.02152396,0.021651852,0.028174102,0.021619464,0.023114621,0.022640883,0.021982046,0.020849028,0.021717141421748284
2024-09-03,0.021427,0.021431946,0.021493026,0.021491464,0.028111718,0.021523536,0.023064019,0.022592663,0.021949046,0.020771681,0.02145961645357802
2024-09-04,0.021385,0.021412742,0.021368193,0.02142612,0.028103978,0.021380361,0.023100237,0.022568593,0.021907046,0.020697576,0.021422921382698384
2024-09-05,0.021295,0.021424641,0.021314255,0.021359234,0.028094128,0.021366976,0.023061735,0.022545416,0.021817046,0.020549165,0.021368400709427512
2024-09-06,0.02136,0.021310334,0.02134827,0.021341686,0.028073021,0.021384235,0.023053726,0.022522128,0.021882046,0.020528409,0.021291352865348986
2024-09-09,0.021309,0.021317709,0.021310752,0.021379218,0.028088265,0.02138367,0.023002145,0.022514393,0.021831046,0.020346376,0.021358249428133625
2024-09-10,0.021205,0.021229319,0.021220164,0.021237381,0.028076304,0.0212952,0.022723988,0.022446982,0.021727046,0.020121779,0.021304275037226567
2024-09-11,0.021051,0.021072847,0.021065778,0.021148067,0.028051913,0.021209492,0.022740283,0.022405991,0.021573046,0.019990557,0.021206975768426478
2024-09-12,0.021059,0.021045111,0.021059216,0.021098865,0.028015796,0.021185341,0.022730669,0.022367321,0.021581046,0.019932462,0.02104426937695512
2024-09-13,0.020706,0.020725196,0.020700686,0.020803447,0.028017672,0.020913613,0.02305106,0.022269655,0.021228046,0.019716956,0.02105179035244118
2024-09-18,0.02037,0.020437527,0.020364816,0.020534304,0.027934884,0.020706095,0.023022264,0.022173373,0.020892046,0.019449784,0.020690349327072283
2024-09-19,0.020509,0.020515996,0.020497244,0.020523219,0.027856082,0.020690147,0.023038541,0.022117698,0.021031046,0.019623259,0.020361377857572596
2024-09-20,0.020451,0.020468367,0.020475929,0.020497908,0.027888682,0.02066988,0.023080195,0.022064162,0.020973046,0.01955306,0.020487388764498474
2024-09-23,0.020385,0.020397463,0.020405128,0.020417836,0.027875079,0.020662671,0.023049415,0.022005182,0.020907046,0.019506489,0.020431747273651442
2024-09-24,0.020667,0.02069984,0.020715795,0.020621143,0.0278596,0.020818772,0.023049296,0.022021816,0.021189046,0.019820033,0.02039299444197054
2024-09-25,0.020467,0.020485635,0.020501656,0.020589489,0.027925737,0.020751965,0.023083161,0.022005441,0.020989046,0.019572306,0.020669397536230052
2024-09-26,0.020675,0.020682794,0.02071976,0.020652086,0.027878832,0.02085822,0.023062186,0.022011987,0.021197046,0.019781547,0.020462925503418307
2024-09-27,0.021578,0.021507297,0.021604435,0.021304779,0.027927613,0.021401746,0.023137336,0.022181333,0.022100046,0.020734844,0.020693918379287753
2024-09-30,0.021601,0.021507487,0.021645199,0.02151142,0.028139392,0.021657692,0.023152138,0.022283519,0.022123046,0.020969637,0.021583510043190625
2024-10-08,0.02195,0.021836746,0.022019057,0.021818948,0.028144786,0.02201384,0.023172411,0.022434897,0.022472046,0.021313803,0.021622084588014207
2024-10-09,0.021701,0.021742001,0.021734737,0.021876121,0.028226636,0.021845369,0.023166604,0.022546378,0.022223046,0.021115702,0.022015656284858454
2024-10-10,0.021345,0.021499411,0.021443768,0.021593399,0.028168239,0.021551176,0.023147899,0.022528294,0.021867046,0.020728214,0.02169989307872333
2024-10-11,0.02137,0.021370367,0.021363768,0.02134953,0.028084747,0.021356181,0.023092445,0.022491918,0.021892046,0.020722353,0.02135544129140675
2024-10-14,0.021486,0.021598414,0.021481253,0.021459386,0.02809061,0.021461955,0.023145691,0.022528877,0.022008046,0.020773363,0.02134722513656316
2024-10-15,0.021265,0.021229449,0.021275327,0.021210659,0.028117816,0.021302343,0.02310854,0.022460977,0.021787046,0.020633002,0.02146675959278635
2024-10-16,0.021295,0.02136432,0.021280356,0.021316724,0.028065985,0.021274613,0.023092303,0.022488109,0.021817046,0.020690013,0.02126318580602101
2024-10-17,0.021078,0.021385669,0.021118655,0.021262557,0.028073021,0.021159268,0.023084222,0.022454393,0.021600046,0.020438845,0.021302602331626282
2024-10-18,0.021186,0.021231956,0.021255263,0.021157056,0.028022128,0.021173148,0.023108017,0.02236658,0.021708046,0.020487491,0.02106121417609433
2024-10-21,0.021125,0.021105793,0.021131353,0.021118437,0.028047457,0.02113536,0.023097303,0.022329414,0.021647046,0.020474457,0.02118815999568676
2024-10-22,0.021375,0.021426841,0.021429864,0.021272994,0.028033151,0.021406193,0.023130242,0.022340758,0.021897046,0.020809437,0.021110977328008915
2024-10-23,0.021501,0.021376843,0.021509254,0.021426942,0.028091783,0.021566938,0.023122874,0.022393021,0.022023046,0.020988436,0.02138702620307854
2024-10-24,0.021531,0.021568168,0.021516963,0.02158745,0.028121333,0.021639766,0.023146046,0.022468598,0.022053046,0.020984211,0.021501985397624827
2024-10-25,0.021476,0.021596322,0.021537436,0.021553688,0.028128369,0.021609547,0.023124143,0.022477646,0.021998046,0.020937007,0.021549131183962025
2024-10-28,0.021595,0.021504664,0.021646274,0.021635316,0.02811547,0.021666806,0.023158168,0.022509501,0.022117046,0.021025308,0.02148194021949052
2024-10-29,0.02156,0.021576036,0.021605598,0.021627525,0.028143379,0.021693588,0.02309702,0.022534667,0.022082046,0.020960033,0.021598202112531703
2024-10-30,0.021595,0.021708324,0.021667332,0.021618597,0.028135171,0.021735704,0.023088509,0.022554875,0.022117046,0.020956672,0.0215559127731829
2024-10-31,0.021479,0.02146438,0.021450932,0.021554973,0.028143379,0.021572273,0.023077398,0.022570706,0.022001046,0.020792719,0.02160235024085436
2024-11-01,0.021367,0.021473074,0.021368785,0.021438829,0.028116174,0.02143794,0.023011941,0.022548713,0.021889046,0.020614195,0.02147471424584288
2024-11-04,0.021296,0.02132094,0.021292874,0.021362778,0.028089907,0.021336006,0.022992022,0.02251968,0.021818046,0.0205204,0.021366066145661403
2024-11-05,0.021089,0.021075789,0.021087959,0.021168188,0.028073255,0.0211659,0.022992174,0.022444301,0.021611046,0.020360645,0.021285891880725022
2024-11-06,0.02111,0.021127634,0.021116631,0.02111071,0.028024708,0.021118825,0.02297889,0.022393809,0.021632046,0.020274692,0.02107774080967941
2024-11-07,0.021081,0.021095939,0.02106966,0.021092935,0.028029633,0.021127815,0.022756035,0.022364174,0.021603046,0.020189314,0.021104154466378006
2024-11-08,0.020982,0.02101789,0.020979619,0.021043601,0.028022832,0.021086776,0.022757612,0.022330616,0.021504046,0.020077593,0.021068682726628617
2024-11-11,0.020912,0.02090906,0.020914847,0.020947076,0.027999613,0.021015391,0.022673163,0.022278756,0.021434046,0.020052216,0.020982085709564963
2024-11-12,0.020895,0.020915219,0.020890374,0.02095915,0.027983197,0.020987459,0.022633441,0.022256755,0.021417046,0.019946438,0.02090826014061892
2024-11-13,0.020946,0.020943225,0.020973877,0.020956693,0.02797921,0.02101693,0.022665059,0.022231944,0.021468046,0.019955104,0.02088858448473994
2024-11-14,0.020815,0.020798304,0.020825141,0.020880866,0.02799117,0.020926584,0.022681763,0.022203189,0.021337046,0.019923124,0.020942609659221758
2024-11-15,0.020823,0.020849925,0.020836129,0.020873757,0.027960447,0.020924803,0.022690487,0.022192838,0.021345046,0.019945382,0.02081232890951504
2024-11-18,0.021099,0.021088336,0.02110362,0.021049132,0.027962324,0.021073108,0.022831076,0.02222946,0.021621046,0.020149448,0.020825405022747948
2024-11-19,0.020907,0.020930341,0.020929784,0.020999242,0.028027053,0.021021809,0.02281176,0.022227694,0.021429046,0.019947975,0.02109642049658079
2024-11-20,0.020879,0.020868945,0.020905922,0.020922847,0.027982024,0.020972881,0.022799341,0.02220645,0.021401046,0.019959926,0.02090695122959572
2024-11-21,0.02079,0.020806214,0.020800325,0.02086911,0.027975457,0.020882714,0.022786569,0.022192001,0.021312046,0.019788352,0.020893719438989183
2024-11-22,0.020691,0.020742228,0.02070583,0.020787745,0.027954584,0.020836526,0.022801106,0.022165902,0.021213046,0.019739757,0.020775936257699735
2024-11-25,0.020705,0.020690223,0.020697631,0.020694522,0.027931366,0.02081442,0.022754488,0.022129935,0.021227046,0.019721508,0.020686552783958635
2024-11-26,0.02057,0.020588485,0.020550693,0.020628777,0.027934649,0.020737841,0.022719708,0.022099695,0.021092046,0.019698568,0.020697967399949703
2024-11-27,0.020556,0.020544336,0.020548112,0.020568638,0.027902988,0.020708596,0.022724818,0.022061931,0.021078046,0.019706699,0.02056245185491555
2024-11-28,0.020405,0.02044247,0.020407232,0.020493872,0.027899705,0.02062606,0.022743591,0.022026988,0.020927046,0.019564717,0.02055567807509481
2024-11-29,0.020291,0.020353705,0.020304824,0.020398609,0.027864291,0.020542278,0.02274371,0.021976582,0.020813046,0.019464172,0.020394048040910127
2024-12-02,0.019776,0.019841289,0.019792586,0.019934913,0.027837555,0.020174981,0.023035943,0.021825578,0.020298046,0.018818475,0.02028698980012398
2024-12-03,0.019903,0.019960605,0.019915914,0.019951101,0.027716773,0.02020436,0.023035971,0.021783079,0.020425046,0.018963376,0.019755203780303533
2024-12-04,0.019586,0.019620779,0.019581281,0.019685567,0.027746558,0.020016612,0.023071592,0.02167716,0.020108046,0.018677975,0.01989335421561506
2024-12-05,0.019478,0.01952882,0.019515205,0.019560329,0.027672213,0.019912603,0.023044895,0.021596324,0.020000046,0.018613148,0.01955015267392461
2024-12-06,0.019528,0.01951136,0.019508195,0.019526727,0.027646884,0.019898074,0.023030926,0.021542815,0.020050046,0.018766613,0.01948193488602286
2024-12-09,0.019397,0.019538268,0.0194507,0.019522028,0.02765861,0.019870992,0.023088438,0.021500393,0.019919046,0.01868802,0.01950837988767389
2024-12-10,0.018479,0.018593087,0.018557382,0.018821985,0.027627887,0.019309097,0.023072152,0.021299994,0.019001046,0.017960908,0.019390971093555965
2024-12-11,0.018386,0.018548675,0.018436745,0.018567633,0.02741259,0.019087459,0.023059912,0.021175251,0.018908046,0.017908169,0.01846262162952716
2024-12-12,0.018167,0.018331226,0.018189494,0.018309165,0.027390779,0.018889734,0.023072341,0.021047546,0.018689046,0.017805803,0.01836530753909351
2024-12-13,0.017756,0.017837307,0.017786024,0.017873409,0.027339417,0.018670852,0.023065078,0.0208778,0.018278046,0.017371364,0.01810221483317664
2024-12-16,0.017202,0.017311054,0.017212012,0.017410507,0.027243027,0.01829105,0.023058611,0.020712021,0.017724046,0.016785389,0.01774042369126848
2024-12-17,0.01722,0.017349746,0.017250572,0.017357712,0.027113098,0.018170688,0.023079533,0.020614698,0.017742046,0.016910428,0.017169992495552823
2024-12-18,0.0175,0.017513761,0.017551154,0.017489057,0.02711732,0.018324544,0.023105987,0.020574295,0.018022046,0.017094627,0.017188372070347527
2024-12-19,0.017406,0.017474548,0.017485317,0.017447684,0.027182987,0.018405138,0.023081272,0.020521533,0.017928046,0.017076051,0.017471166321893855
2024-12-20,0.016903,0.016920013,0.016995042,0.017087458,0.027160942,0.018048374,0.023081187,0.020413368,0.017425046,0.016551437,0.017412397243948583
2024-12-23,0.01695,0.016895853,0.016991196,0.017041895,0.027042974,0.017919278,0.023059188,0.020384269,0.017472046,0.016575885,0.016911418751091676
2024-12-24,0.017204,0.017235724,0.017216352,0.017264956,0.027053997,0.018033106,0.023091033,0.020437871,0.017726046,0.016597183,0.01693986757353543
2024-12-25,0.01735,0.01720213,0.017396433,0.017264205,0.027113567,0.01810559,0.023094752,0.020434739,0.017872046,0.016755589,0.017175723563989265
2024-12-26,0.017201,0.016900445,0.017188585,0.017175309,0.027147808,0.017952941,0.023081675,0.020431892,0.017723046,0.016694719,0.01735982383436811
2024-12-27,0.01685,0.016858757,0.016892317,0.017061563,0.027112864,0.017747966,0.023062159,0.020436673,0.017372046,0.016360034,0.01721695723269625
2024-12-30,0.016973,0.016970981,0.017032786,0.017133755,0.027030544,0.017671929,0.023074781,0.020471542,0.017495046,0.016705442,0.01685094211046861
2024-12-31,0.016704,0.016763476,0.016723869,0.016840911,0.027059391,0.017484531,0.023082671,0.020412686,0.017226046,0.016350705,0.01696153473980288
2025-01-02,0.0161,0.016284833,0.016124138,0.016247483,0.026996303,0.017114306,0.023061835,0.02027531,0.016622046,0.01588685,0.016674784531260374
2025-01-03,0.016015,0.015946094,0.016023061,0.016046417,0.026854648,0.017004798,0.023054225,0.020215211,0.016537046,0.015577732,0.016091441155076065
2025-01-06,0.015902,0.015870332,0.015876673,0.016038403,0.026834713,0.016880045,0.023067486,0.020203596,0.016424046,0.015592601,0.015989027495998544
2025-01-07,0.016059,0.016098672,0.016094631,0.016018996,0.026808212,0.016899803,0.023073258,0.02017348,0.016581046,0.015836892,0.01585896774316887
2025-01-08,0.016058,0.016077356,0.016050465,0.01600374,0.026845033,0.016899141,0.023073306,0.020150732,0.016580046,0.015871671,0.01605789032577758
2025-01-09,0.01625,0.016160965,0.016311997,0.016233152,0.026844798,0.017110813,0.023103838,0.020182296,0.016772046,0.016159509,0.01605430103212986
2025-01-10,0.01645,0.016112568,0.016522655,0.016431967,0.026889828,0.017185283,0.023133065,0.020232141,0.016972046,0.016313552,0.016268519471645246
2025-01-13,0.016475,0.016462128,0.016529924,0.016567874,0.026936733,0.01716504,0.023138234,0.020293135,0.016997046,0.016499039,0.016456952524133733
2025-01-14,0.016405,0.016459479,0.016433787,0.016430575,0.026942596,0.017049349,0.023115796,0.020290596,0.016927046,0.016432502,0.016490976174149578
2025-01-15,0.016205,0.016162173,0.016222001,0.01630389,0.026926179,0.016894262,0.023077933,0.020292778,0.016727046,0.016246234,0.01641537005096797
2025-01-16,0.016353,0.016133899,0.016350848,0.016408597,0.026879274,0.016927511,0.023072414,0.020340464,0.016875046,0.016449813,0.01619976653953034
2025-01-17,0.016551,0.01640214,0.016578261,0.016515111,0.026913984,0.016959876,0.023097305,0.020378831,0.017073046,0.016568634,0.01634872380933513
2025-01-20,0.016665,0.016658351,0.016681146,0.016653276,0.02696042,0.017099741,0.023103104,0.020427552,0.017187046,0.01682368,0.016543704499305315
2025-01-21,0.016477,0.016575513,0.016517887,0.016552827,0.026987157,0.017109729,0.023071505,0.020421766,0.016999046,0.016645883,0.016680746661803
2025-01-22,0.016525,0.016558234,0.01659523,0.016637133,0.026943065,0.017131775,0.02309562,0.020449116,0.017047046,0.016638696,0.016486525612817146
2025-01-23,0.016572,0.016510397,0.016579458,0.016605435,0.026954323,0.017136525,0.02308517,0.02044897,0.017094046,0.016732292,0.016531951596666934
2025-01-24,0.01665,0.016766218,0.016675972,0.016603075,0.026965345,0.017188429,0.023091408,0.020452675,0.017172046,0.016793628,0.01655977672101379
2025-01-27,0.016306,0.016259369,0.016300234,0.016363499,0.026983639,0.017000561,0.023068919,0.020415645,0.016828046,0.01648812,0.01665534365462038
2025-02-05,0.016215,0.016147124,0.016215851,0.01629934,0.026902961,0.016849043,0.02303849,0.02040444,0.016737046,0.016395424,0.0163007047499768
2025-02-06,0.016046,0.016140808,0.01606175,0.016188238,0.026881619,0.016638184,0.023048895,0.020380946,0.016568046,0.016194203,0.016215142977830298
2025-02-07,0.016032,0.016222542,0.016065732,0.01610786,0.026841984,0.016617427,0.023064662,0.020344374,0.016554046,0.016145587,0.016017386894025508
2025-02-10,0.016271,0.016289959,0.016326671,0.016197226,0.0268387,0.016786593,0.023105029,0.020331214,0.016793046,0.016293966,0.016024805053168098
2025-02-11,0.01617,0.016175572,0.016224808,0.01622634,0.026894753,0.016843247,0.02312298,0.020322308,0.016692046,0.016213338,0.016266385825740092
2025-02-12,0.016275,0.016323752,0.016354679,0.016337676,0.026871065,0.016921233,0.023113237,0.020340593,0.016797046,0.016301151,0.01617109230070886
2025-02-13,0.016291,0.016432246,0.016325838,0.016370639,0.026895691,0.016895948,0.023115173,0.020348906,0.016813046,0.016355377,0.016292978689625773
2025-02-14,0.016488,0.016614934,0.016534798,0.016499235,0.026899443,0.017024052,0.023146781,0.020371395,0.017010046,0.016544734,0.01628568643850677
2025-02-17,0.01686,0.016651653,0.016899151,0.016707199,0.026945645,0.017259191,0.023166537,0.020416564,0.017382046,0.01682551,0.016500051926206197
2025-02-18,0.017001,0.016818016,0.017037106,0.016990831,0.02703289,0.017397747,0.023169707,0.020504817,0.017523046,0.017014727,0.016871681764069637
2025-02-19,0.01689,0.016803974,0.016944451,0.016967452,0.027065958,0.017313898,0.023186104,0.020535576,0.017412046,0.016885781,0.017022136154290955
2025-02-20,0.016905,0.017050033,0.016935159,0.017014084,0.027039925,0.017249201,0.023141997,0.020577852,0.017427046,0.017063834,0.016911753811117345
2025-02-21,0.017085,0.017217604,0.017117623,0.017122486,0.027043443,0.017379854,0.023147358,0.020614944,0.017607046,0.017279638,0.0169119472221613
2025-02-24,0.017702,0.017516621,0.017756111,0.017479163,0.027085658,0.017773515,0.023179584,0.020692199,0.018224046,0.017835424,0.017080783150377768
2025-02-25,0.01739,0.017331935,0.017439835,0.017434259,0.027230362,0.01773325,0.023157636,0.020717818,0.017912046,0.017583499,0.017720944468717612
2025-02-26,0.017268,0.017422164,0.017340873,0.017378758,0.027157189,0.017646911,0.023151303,0.020733516,0.017790046,0.017451072,0.01739925502112623
2025-02-27,0.017531,0.017689701,0.017566568,0.017558042,0.027128577,0.017691933,0.023143605,0.020785381,0.018053046,0.017677199,0.01730221992258263
2025-02-28,0.017236,0.017521109,0.017287181,0.017387637,0.027190258,0.017603755,0.023146873,0.020752819,0.017758046,0.017449324,0.017513649372718362
2025-03-03,0.017015,0.017103477,0.017092933,0.017026888,0.027121072,0.01745115,0.023141585,0.02066134,0.017537046,0.017212855,0.017222069937326626
2025-03-04,0.017077,0.017058414,0.017088896,0.017080368,0.027069241,0.017422597,0.02311522,0.02065723,0.017599046,0.01731568,0.01702295542623697
2025-03-05,0.017078,0.017259046,0.017124597,0.01715364,0.027083782,0.017459722,0.023142652,0.02065802,0.017600046,0.01726668,0.017057718220098227
2025-03-06,0.017455,0.017609349,0.017528926,0.017359776,0.027084017,0.017679457,0.023144512,0.02068153,0.017977046,0.017616158,0.01706475696034567
2025-03-07,0.018005,0.018112369,0.018056056,0.017863937,0.027172434,0.018083607,0.023166331,0.020772304,0.018527046,0.018183987,0.01746887788338869
2025-03-10,0.018153,0.018147873,0.018277372,0.018070905,0.027301424,0.018414768,0.023184586,0.020810865,0.018675046,0.018277434,0.01802468587464915
2025-03-11,0.018804,0.018645594,0.01892445,0.0186779,0.027336134,0.019032741,0.023192897,0.020976625,0.019326046,0.01888114,0.01818793779230549
2025-03-12,0.018431,0.018622749,0.018531312,0.018640566,0.027488812,0.018807708,0.02316437,0.021031566,0.018953046,0.018458999,0.018861654320795004
2025-03-13,0.01855,0.018737994,0.018674629,0.018593982,0.027401333,0.018813645,0.023170173,0.021056708,0.019072046,0.018543841,0.018435561399457706
2025-03-14,0.018308,0.018384798,0.018296684,0.018383815,0.027429242,0.018460589,0.023134904,0.021056253,0.018830046,0.018402829,0.018589280965319678
2025-03-17,0.018978,0.019087731,0.019059254,0.018866911,0.027372486,0.019034804,0.023177909,0.021178757,0.019500046,0.019062006,0.01827425399247879
2025-03-18,0.01888,0.018683713,0.018926081,0.018797257,0.02752962,0.019038635,0.023121509,0.021189862,0.019402046,0.018993879,0.01899740660995195
2025-03-19,0.018782,0.019102104,0.018859738,0.018911296,0.027506636,0.019023604,0.023163286,0.021242527,0.019304046,0.018943489,0.018870919562884985
2025-03-20,0.01831,0.018811229,0.01843114,0.018548674,0.027483652,0.018607623,0.023106947,0.021166393,0.018832046,0.018578643,0.018822351015281416
2025-03-21,0.018455,0.018701917,0.018575171,0.018577137,0.027372955,0.018604812,0.023123323,0.021141506,0.018977046,0.018685354,0.018289868338188565
2025-03-24,0.018404,0.018542681,0.018439456,0.018389559,0.027406961,0.018638923,0.023117417,0.021073392,0.018926046,0.018631731,0.01844544240668512
2025-03-25,0.018182,0.018416314,0.018249027,0.018151461,0.027395001,0.018517417,0.023129086,0.020987806,0.018704046,0.018478992,0.018375826938910066
2025-03-26,0.017935,0.017941802,0.01793263,0.01802887,0.027342935,0.018337658,0.023102149,0.020946901,0.018457046,0.018211125,0.01818690714240437
2025-03-27,0.018067,0.018231461,0.018092328,0.018129465,0.027285007,0.018349406,0.023114173,0.020936274,0.018589046,0.018229921,0.017923781340912756
2025-03-28,0.018113,0.01835293,0.018203217,0.01821587,0.027315965,0.018363982,0.023132343,0.020925099,0.018635046,0.018299303,0.018054859996021074
2025-03-31,0.018182,0.018153735,0.018255151,0.018146924,0.027326753,0.018459893,0.023130921,0.020866026,0.018704046,0.01835176,0.018101583611778393
2025-04-01,0.018093,0.018202229,0.018198235,0.01817814,0.027342935,0.018459462,0.023117408,0.020856598,0.018615046,0.018345147,0.0181931269517038
2025-04-02,0.01786,0.017968067,0.017960429,0.018051788,0.027322062,0.018363687,0.023083889,0.02082854,0.018382046,0.018064743,0.018095402493413928
2025-04-03,0.017158,0.017483245,0.017219737,0.017537529,0.027267417,0.017868053,0.023074995,0.020719361,0.017680046,0.01733513,0.01785785815274218
2025-04-07,0.016313,0.01681424,0.016384287,0.01670225,0.027102779,0.017244894,0.023065251,0.020501453,0.016835046,0.016620085,0.017131244952305513
2025-04-08,0.016637,0.016744844,0.01665009,0.016617988,0.026904603,0.017258673,0.023070994,0.020408532,0.017159046,0.017038282,0.01626126208184646
2025-04-09,0.016532,0.016556615,0.016595582,0.016543185,0.02698059,0.017337609,0.023083738,0.020333517,0.017054046,0.016895783,0.01659466750523673
2025-04-10,0.016469,0.016478919,0.016562661,0.016515269,0.026955964,0.017348195,0.023089405,0.02028589,0.016991046,0.016760301,0.01648861398578204
2025-04-11,0.016531,0.016671593,0.016617332,0.016580431,0.026941189,0.017361291,0.023067783,0.020267573,0.017053046,0.016755536,0.016489160715458626
2025-04-14,0.016533,0.016851429,0.016614887,0.016723883,0.02695573,0.017438907,0.023096177,0.020277725,0.017055046,0.016767467,0.01652824112593038
2025-04-15,0.016569,0.016551414,0.016684128,0.016603893,0.026956199,0.017518234,0.023072656,0.020233559,0.017091046,0.016822954,0.016532649270208144
2025-04-16,0.016382,0.016283916,0.01642291,0.016455658,0.026964642,0.017310986,0.023079528,0.020208968,0.016904046,0.016702305,0.016572517487667554
2025-04-17,0.016501,0.016358855,0.01652701,0.016468977,0.026920785,0.01725587,0.023054975,0.020226587,0.017023046,0.016910033,0.01637761392985923
2025-04-18,0.016476,0.016340732,0.016449748,0.01649525,0.026948694,0.017175043,0.023088988,0.020269806,0.016998046,0.01693342,0.016503517995307852
2025-04-21,0.016587,0.016546773,0.016581126,0.016684022,0.026942831,0.017232371,0.023084179,0.020344632,0.017109046,0.017054579,0.01646605459878825
2025-04-22,0.016491,0.016317947,0.016503904,0.016530066,0.026968863,0.017095318,0.023063015,0.020319475,0.017013046,0.016933973,0.016597012336544998
2025-04-23,0.016597,0.016541196,0.016651518,0.016660965,0.026946349,0.01719062,0.023055293,0.020358531,0.017119046,0.017116875,0.016488458801080866
2025-04-24,0.016624,0.016550117,0.016664282,0.016673344,0.026971209,0.017306924,0.023080736,0.020378775,0.017146046,0.017199651,0.016605226787086477
2025-04-25,0.016607,0.016571258,0.016661557,0.016659543,0.026977541,0.01729188,0.023066611,0.020392304,0.017129046,0.017126464,0.016620085229228164
2025-04-28,0.016495,0.016408617,0.016444284,0.016514336,0.026973554,0.017208738,0.023040396,0.02038351,0.017017046,0.017062728,0.016613239662846672
2025-04-29,0.016186,0.016371564,0.016167289,0.016287621,0.026947287,0.017009929,0.023034846,0.020349913,0.016708046,0.016767876,0.01649270262388196
2025-04-30,0.016232,0.016050144,0.016231604,0.016272674,0.026874818,0.016920164,0.023053267,0.02034722,0.016754046,0.016620436,0.016174995335605385
2025-05-06,0.01627,0.016016726,0.016236972,0.016251756,0.026885606,0.016854213,0.023058974,0.020336341,0.016792046,0.016629226,0.01622185306977776
2025-05-07,0.016398,0.016478509,0.016455164,0.016376208,0.026894518,0.016938042,0.023070221,0.020357191,0.016920046,0.016761335,0.01625449829898125
2025-05-08,0.016283,0.016236354,0.016300703,0.016322281,0.026924538,0.016932038,0.023073315,0.020346924,0.016805046,0.016568936,0.01640591742296979
2025-05-09,0.016314,0.01639304,0.016366503,0.016421179,0.026897567,0.016968203,0.023063042,0.020364094,0.016836046,0.016620238,0.01628468137763204
2025-05-12,0.01673,0.016696978,0.016775189,0.016663326,0.026904837,0.017160509,0.023153899,0.020409323,0.017252046,0.0170105,0.01632104851827449
2025-05-13,0.016662,0.016739448,0.016709494,0.016691699,0.027002401,0.017204266,0.023154057,0.020424763,0.017184046,0.016952664,0.016734394827769557
2025-05-14,0.016702,0.016623643,0.016761438,0.01670216,0.026986453,0.017244613,0.02314429,0.02043972,0.017224046,0.017042322,0.016667982895674394
2025-05-15,0.016758,0.016653329,0.016767908,0.016787427,0.026995834,0.017199733,0.023163764,0.02047855,0.017280046,0.017125423,0.016725486858518625
2025-05-16,0.016765,0.016860293,0.016806806,0.01687682,0.027008968,0.017199854,0.023157475,0.020519671,0.017287046,0.017152475,0.016755190351274016
2025-05-19,0.016659,0.016702441,0.016674885,0.016708012,0.027010609,0.017118954,0.023084428,0.02049669,0.017181046,0.017040034,0.016767732465463772
2025-05-20,0.016817,0.016887908,0.016848026,0.016823736,0.026985749,0.017208518,0.023109575,0.020521256,0.017339046,0.017056963,0.01665813136383644
2025-05-21,0.016927,0.016847852,0.016946307,0.016903649,0.027022805,0.01732996,0.023146308,0.020538539,0.017449046,0.017098276,0.01682012568901873
2025-05-22,0.017104,0.017127414,0.017157649,0.017091673,0.027048603,0.017487257,0.023137318,0.020587182,0.017626046,0.017169648,0.01692593231172377
2025-05-23,0.017101,0.017188095,0.017121672,0.017146248,0.027090114,0.017519594,0.023135273,0.020612805,0.017623046,0.017173425,0.017119643478943035
2025-05-26,0.016939,0.017073747,0.016977949,0.017020037,0.027089411,0.017421178,0.023120475,0.020588213,0.017461046,0.017114565,0.017109428182640482
2025-05-27,0.017228,0.017191625,0.017254651,0.017194568,0.027051417,0.017563398,0.023144533,0.020627208,0.017750046,0.017236072,0.01694439184445422
2025-05-28,0.01693,0.016973708,0.01695687,0.017038374,0.027119196,0.017419545,0.023123797,0.020603444,0.017452046,0.017173355,0.01723182672158242
2025-05-29,0.016927,0.0169435,0.016989939,0.016966252,0.027049306,0.017339604,0.023135772,0.0205857,0.017449046,0.017341875,0.016916804363881623
2025-05-30,0.016713,0.016810466,0.016697048,0.016797612,0.027048603,0.017171408,0.023110365,0.020551051,0.017235046,0.017103171,0.016939051436336405
2025-06-03,0.016767,0.01707569,0.016835842,0.01687663,0.026998414,0.017231421,0.023109777,0.020551416,0.017289046,0.017178516,0.016690096203245016
2025-06-04,0.016707,0.016656279,0.016744754,0.016734908,0.027011078,0.017195463,0.023099533,0.020499792,0.017229046,0.017167629,0.016765793223457465
2025-06-05,0.016745,0.016901942,0.016793149,0.016805776,0.026997007,0.017255145,0.023109681,0.020493284,0.017267046,0.017158156,0.01669387184405856
2025-06-06,0.016562,0.016739337,0.016627239,0.01664935,0.027005919,0.017186319,0.023101869,0.02044422,0.017084046,0.016987702,0.0167496954941371
2025-06-09,0.016558,0.01665625,0.016606872,0.016651077,0.026963,0.017180796,0.023092775,0.020430416,0.017080046,0.016929203,0.016554819380561407
2025-06-10,0.016556,0.01665254,0.016579477,0.016634168,0.026962062,0.017174761,0.023065273,0.020416216,0.017078046,0.016924789,0.01655785459080852
2025-06-11,0.016469,0.016555348,0.016500818,0.016506717,0.026961593,0.017091197,0.023074383,0.020374331,0.016991046,0.016790306,0.016545304523207675
2025-06-12,0.016467,0.016423818,0.016481268,0.016515782,0.026941189,0.017090563,0.023035879,0.020371911,0.016989046,0.01680755,0.016467247047867964
2025-06-13,0.016435,0.016409277,0.016447159,0.016502699,0.02694072,0.01706709,0.022999882,0.020364535,0.016957046,0.016758264,0.016465613105562528
2025-06-16,0.016433,0.016462047,0.016477863,0.016526053,0.026933215,0.017031103,0.022963952,0.020367863,0.016955046,0.016720781,0.01642986925752159
2025-06-17,0.016379,0.016393015,0.016382551,0.016442867,0.026932746,0.017011814,0.022966246,0.020348716,0.016901046,0.016586801,0.01643255190020846
2025-06-18,0.016388,0.016510703,0.016423913,0.016457683,0.026920082,0.017034895,0.022953879,0.020347461,0.016910046,0.016605531,0.016375964796071577
2025-06-19,0.016426,0.016298746,0.016445849,0.016450437,0.026922192,0.017067594,0.022990962,0.020343653,0.016948046,0.016618054,0.016387582692241248
2025-06-20,0.016389,0.016358745,0.016386336,0.016454096,0.026931104,0.017051173,0.02295757,0.020352032,0.016911046,0.016582287,0.016424097617342585
2025-06-23,0.016375,0.016416883,0.016394586,0.016424253,0.026922427,0.017026402,0.022939376,0.020351413,0.016897046,0.016580516,0.016389455116906666
2025-06-24,0.016456,0.016376661,0.016439079,0.016469282,0.026919144,0.017048133,0.022978891,0.020364838,0.016978046,0.016680877,0.0163762505004617
2025-06-25,0.016506,0.016458033,0.016518477,0.016529216,0.02693814,0.017107385,0.022667309,0.020382637,0.017028046,0.016741603,0.016455738945881107
2025-06-26,0.016465,0.016385732,0.016472302,0.01650759,0.026949867,0.017071148,0.022669079,0.020387618,0.016987046,0.016687422,0.01650775815045919
2025-06-27,0.016456,0.016420789,0.016470348,0.016511031,0.026940251,0.017045333,0.022651084,0.020396758,0.016978046,0.016653611,0.016469332844440066
2025-06-30,0.016485,0.016489609,0.016479442,0.016526454,0.02693814,0.01705119,0.022676429,0.020407293,0.017007046,0.016714786,0.016457831986933825
2025-07-01,0.016446,0.01648035,0.016461266,0.016501295,0.026944942,0.017041326,0.022630705,0.020407258,0.016968046,0.016741465,0.016483009676577346
2025-07-02,0.016383,0.016339582,0.016379823,0.01643689,0.026935795,0.016992743,0.022623108,0.020397362,0.016905046,0.016641257,0.01644476460741885
2025-07-03,0.016398,0.016402261,0.01640253,0.016434005,0.02692102,0.016977791,0.022628606,0.020396149,0.016920046,0.016648923,0.01638239870639042
2025-07-04,0.016417,0.01643206,0.016421488,0.016458055,0.026924538,0.016994767,0.022645384,0.020402024,0.016939046,0.016650423,0.01639524545924861
2025-07-07,0.016396,0.016407675,0.016404316,0.016445296,0.026928994,0.016999452,0.022640099,0.020398785,0.016918046,0.016645258,0.016414265479032606
2025-07-08,0.016452,0.016445265,0.016464791,0.016474453,0.026924069,0.017020804,0.022663526,0.020401305,0.016974046,0.016674647,0.0163967979228722
2025-07-09,0.016446,0.016446593,0.016451381,0.016486746,0.026937202,0.017029414,0.022630393,0.020403467,0.016968046,0.016707705,0.016454320640424226
2025-07-10,0.016609,0.016596723,0.016632371,0.016608249,0.026935795,0.017131633,0.022801451,0.020428938,0.017131046,0.016842722,0.01644566178367331
2025-07-11,0.016615,0.016580548,0.016627242,0.016644367,0.026974023,0.017145058,0.02279088,0.020442596,0.017137046,0.01688401,0.016616092566322432
2025-07-14,0.016712,0.016699295,0.016733146,0.016725423,0.02697543,0.017199724,0.022791301,0.020465074,0.017234046,0.016986254,0.01661722272390838
2025-07-15,0.016586,0.016612964,0.016601161,0.016662061,0.026998179,0.01712516,0.02284041,0.020463389,0.017108046,0.016791701,0.016723690849995018
2025-07-16,0.016599,0.016646822,0.01662808,0.016679296,0.026968629,0.017116134,0.022828418,0.020473032,0.017121046,0.016841734,0.01658412601625226
2025-07-17,0.016606,0.016587623,0.016614402,0.016642051,0.026971678,0.017092848,0.022824784,0.02046734,0.017128046,0.016866157,0.016602444738977727
2025-07-18,0.016651,0.016711283,0.016668064,0.016677524,0.026973319,0.017137022,0.022839403,0.02047467,0.017173046,0.016902298,0.016598495091096448
2025-07-21,0.016747,0.016736071,0.016759307,0.016738307,0.026983873,0.017221087,0.022822396,0.020487625,0.017269046,0.01701647,0.016653206257337225
2025-07-22,0.016897,0.016882841,0.0169157,0.016891321,0.027006388,0.017335275,0.022812221,0.020520516,0.017419046,0.017149947,0.016750417363619634
2025-07-23,0.017073,0.017063972,0.017097097,0.017063861,0.027041567,0.017468281,0.022841425,0.020562672,0.017595046,0.017329861,0.016905239778997036
2025-07-24,0.017367,0.017350054,0.017401283,0.017298437,0.027082844,0.017667261,0.022887276,0.020619816,0.017889046,0.017604012,0.017085092087136586
2025-07-25,0.017302,0.017303977,0.017339934,0.017349918,0.027151795,0.017681612,0.022898088,0.020651348,0.017824046,0.017616713,0.017385602683035496
2025-07-28,0.017135,0.017150875,0.017180374,0.017232202,0.027136551,0.017562383,0.022899922,0.020646084,0.017657046,0.017443084,0.017314373879337475
2025-07-29,0.017496,0.017497222,0.01751923,0.01745861,0.027097385,0.017681085,0.023146568,0.020707829,0.018018046,0.017751245,0.017145006902533507
2025-07-30,0.017187,0.017317977,0.017214509,0.017298627,0.027182049,0.017546375,0.023131281,0.020690433,0.017709046,0.017553212,0.017496944267991726
2025-07-31,0.017045,0.017151004,0.017101236,0.017121316,0.02710958,0.017446567,0.02313648,0.02065509,0.017567046,0.017339871,0.01717517841843809
2025-08-01,0.017046,0.017130502,0.017059885,0.017099494,0.027076277,0.01739512,0.02309559,0.020644286,0.017568046,0.01736155,0.017057208267795377
2025-08-04,0.017089,0.017311427,0.017150194,0.017175701,0.027076512,0.017467749,0.023138022,0.020643316,0.017611046,0.017447147,0.017025468404272787
2025-08-05,0.017049,0.017140705,0.017105728,0.017056797,0.027086596,0.017496909,0.02312954,0.020600323,0.017571046,0.017376207,0.017082787732195272
2025-08-06,0.016998,0.017201923,0.017032599,0.01706831,0.027077215,0.017509708,0.023079091,0.020586408,0.017520046,0.017284375,0.01704858327087179
2025-08-07,0.016935,0.01704088,0.016985305,0.01699595,0.027065254,0.017478149,0.023067045,0.020550153,0.017457046,0.017271697,0.01699991898595671
2025-08-08,0.016893,0.016952457,0.016921413,0.016962936,0.027050479,0.017437158,0.023054928,0.020533142,0.017415046,0.017294906,0.01693062183488117
2025-08-11,0.017154,0.017246966,0.017188693,0.017146609,0.027040629,0.017575034,0.023109208,0.020561507,0.017676046,0.017466387,0.01688806441181968
2025-08-12,0.017284,0.017218913,0.017316869,0.017209128,0.027101841,0.017634948,0.023136703,0.020562475,0.017806046,0.017582825,0.017156025655396503
2025-08-13,0.017202,0.017165682,0.017238979,0.017268647,0.027132329,0.017654216,0.023148943,0.020586775,0.017724046,0.017504002,0.01728929179476886
2025-08-14,0.017337,0.017357866,0.017384037,0.017395308,0.027113098,0.017720329,0.023141156,0.020625166,0.017859046,0.017680032,0.017217383704752617
2025-08-15,0.01746,0.017493147,0.017519865,0.017525304,0.027144759,0.01774799,0.023148124,0.0206611,0.017982046,0.017729535,0.017345967426343728
2025-08-18,0.017889,0.017843452,0.017922432,0.017776539,0.027173606,0.018047323,0.023164686,0.020723892,0.018411046,0.01827429,0.017459593212102685
2025-08-19,0.017739,0.017841634,0.017792736,0.017765505,0.027274219,0.018069689,0.023150427,0.02074835,0.018261046,0.018117662,0.017908579280249703
2025-08-20,0.01785,0.017756633,0.017913186,0.017892621,0.02723904,0.018133265,0.023156118,0.020800682,0.018372046,0.018309521,0.017748653529635523
2025-08-21,0.017692,0.017694478,0.017691129,0.017793414,0.027265072,0.017984107,0.023134362,0.020808313,0.018214046,0.018201466,0.01787451771463328
2025-08-22,0.017846,0.018139247,0.017907969,0.017901576,0.027228017,0.018068139,0.023144395,0.020844745,0.018368046,0.018223154,0.017679739871049333
2025-08-25,0.017644,0.017615376,0.017643905,0.017658908,0.027264134,0.017966307,0.023120875,0.020794763,0.018166046,0.018025356,0.017852450169728494
2025-08-26,0.017587,0.017625194,0.01762683,0.017634247,0.027216759,0.017951934,0.023114306,0.020783387,0.018109046,0.017913885,0.017631866899944625
2025-08-27,0.01784,0.017837139,0.017853002,0.017794827,0.027203391,0.018067026,0.02310159,0.020815449,0.018362046,0.018189052,0.0175916868137411
2025-08-28,0.0185,0.018575389,0.018557849,0.01833069,0.027262727,0.018514954,0.023175711,0.020926182,0.019022046,0.018526689,0.017832989554485597
2025-08-29,0.018386,0.018454055,0.018448386,0.018380124,0.027417515,0.018610683,0.023180052,0.020952838,0.018908046,0.018420283,0.01851829944478383
2025-09-01,0.018253,0.01835496,0.018351604,0.018320961,0.027390779,0.018515729,0.023168503,0.020953133,0.018775046,0.018316614,0.018407877719581876
2025-09-02,0.018172,0.018253957,0.018245092,0.018335909,0.027359587,0.01839041,0.023154265,0.020978234,0.018694046,0.018203473,0.01828415070013853
2025-09-03,0.018052,0.018202701,0.018120554,0.018182599,0.02734059,0.018273525,0.023139563,0.020952181,0.018574046,0.018067803,0.01815967093047943
2025-09-04,0.017977,0.018125836,0.017995999,0.017987285,0.027312447,0.018184929,0.02306353,0.02091067,0.018499046,0.017962883,0.018039169587296056
2025-09-05,0.018302,0.018330971,0.018299127,0.018172159,0.027294857,0.018378563,0.023118609,0.02093764,0.018824046,0.018270494,0.017967640901628418
2025-09-08,0.018502,0.018497686,0.018540374,0.018457567,0.027371079,0.018609663,0.023150353,0.021000922,0.019024046,0.01849347,0.018303323861141807
2025-09-09,0.018657,0.018728424,0.018746346,0.018688783,0.027417984,0.018825167,0.023181969,0.021062711,0.019179046,0.018559211,0.018508762926330354
2025-09-10,0.018951,0.019148529,0.019035473,0.01896124,0.027454336,0.019119651,0.023169317,0.021132215,0.019473046,0.018809852,0.01868194799204001
2025-09-11,0.018759,0.018938899,0.018864111,0.018841125,0.027523287,0.019028107,0.023157042,0.021113531,0.019281046,0.01869334,0.01897127460231741
2025-09-12,0.018657,0.01868444,0.018715292,0.018736166,0.027478258,0.018902844,0.023154644,0.021112506,0.019179046,0.018596679,0.018766037236445668
2025-09-15,0.018677,0.018690266,0.018696521,0.018708021,0.027454336,0.01884455,0.023106681,0.021127032,0.019199046,0.018541489,0.018665457225157958
2025-09-16,0.018533,0.018574397,0.01851667,0.01859082,0.027459027,0.018664247,0.023143981,0.021114123,0.019055046,0.018464918,0.018664068475175048
2025-09-17,0.018378,0.018480528,0.018359944,0.01841275,0.027425255,0.018571784,0.023059175,0.021075543,0.018900046,0.018328964,0.01852389571301591
2025-09-18,0.018553,0.018662222,0.01857708,0.018587836,0.027388903,0.018678607,0.023093825,0.021099039,0.019075046,0.01846464,0.018372798669276727
2025-09-19,0.018705,0.01866587,0.018785355,0.018715054,0.027429945,0.018816708,0.023137206,0.021101557,0.019227046,0.018768489,0.018548123916669438
2025-09-22,0.018636,0.018750578,0.018711467,0.018690987,0.027465593,0.018860979,0.023124553,0.021087075,0.019158046,0.018680518,0.01870384382257443
2025-09-23,0.018751,0.019010319,0.01883088,0.018785686,0.027449411,0.019001018,0.023107422,0.021104203,0.019273046,0.018841247,0.018646500947627744
2025-09-24,0.019006,0.018990387,0.019034317,0.01895155,0.027476382,0.019155829,0.023153362,0.021138729,0.019528046,0.019110536,0.018761235648974264
2025-09-25,0.018876,0.018871372,0.018892667,0.018917881,0.027536186,0.019128816,0.023145503,0.021150915,0.019398046,0.019032647,0.019010149998333562
2025-09-26,0.018756,0.018806046,0.018772241,0.018818833,0.027505698,0.018997821,0.023103141,0.021146265,0.019278046,0.018939943,0.018882046322635414
2025-09-29,0.018853,0.018803313,0.018867328,0.018878596,0.027477554,0.018945169,0.023109394,0.021164949,0.019375046,0.019040595,0.01876432729140684
2025-09-30,0.018551,0.018593153,0.018574946,0.018700374,0.027500304,0.01878865,0.023123285,0.021132994,0.019073046,0.018786599,0.01884598833398294
2025-10-09,0.018433,0.01861586,0.018493942,0.018550334,0.027429476,0.018714248,0.023100993,0.021093837,0.018955046,0.01881184,0.018537819050506242
2025-10-10,0.018417,0.018515551,0.018445453,0.018487947,0.027401802,0.018675481,0.023087788,0.02105866,0.018939046,0.018837878,0.018430933371690682
2025-10-13,0.018381,0.01850047,0.018411746,0.018436537,0.027398049,0.018722681,0.023111463,0.021021886,0.018903046,0.018727155,0.0183985511060654
2025-10-14,0.018282,0.018431306,0.018320084,0.01833843,0.027389606,0.018736458,0.023059482,0.020982414,0.018804046,0.018626969,0.018374466196856024
2025-10-15,0.018439,0.018481463,0.018464405,0.018456795,0.027366388,0.018822402,0.023061549,0.02098651,0.018961046,0.018756923,0.018278590650915486
2025-10-16,0.018372,0.018353756,0.018387052,0.018392867,0.027403209,0.018777455,0.023060037,0.020954143,0.018894046,0.018666638,0.018440728894658583
2025-10-17,0.018183,0.018271548,0.018212677,0.018281606,0.027387496,0.018685475,0.023046447,0.020925361,0.018705046,0.018481456,0.01836743709456399
2025-10-20,0.018431,0.018406101,0.018458252,0.018423883,0.02734317,0.018763513,0.023047541,0.020948664,0.018953046,0.018691038,0.018186365174254635
2025-10-21,0.01833,0.018270461,0.018349517,0.018373568,0.027401333,0.018669032,0.023063685,0.02093401,0.018852046,0.018610135,0.018430561467025024
2025-10-22,0.018261,0.018291731,0.018290935,0.018323872,0.027377646,0.018646102,0.023061081,0.020929716,0.018783046,0.01852174,0.018320547976353515
2025-10-23,0.01837,0.018401218,0.018390138,0.018395886,0.027361463,0.018681249,0.023074679,0.020949265,0.018892046,0.018660706,0.01827204711457812
2025-10-24,0.018435,0.018422755,0.018475326,0.018497272,0.027387027,0.018727483,0.023092401,0.020972405,0.018957046,0.018746156,0.018365810111576054
2025-10-27,0.018366,0.018359344,0.018388188,0.018399743,0.027402271,0.018722324,0.023063526,0.020956669,0.018888046,0.018624859,0.01843469486634348
2025-10-28,0.018151,0.018325228,0.018191109,0.018289848,0.027386089,0.018612619,0.0230437,0.020940315,0.018673046,0.018382168,0.018370887447360307
2025-10-29,0.018135,0.018120456,0.018156209,0.018203721,0.027335665,0.018555955,0.023051014,0.020912219,0.018657046,0.018262771,0.01814851815407261
2025-10-30,0.018063,0.018065995,0.018052931,0.018104329,0.027331913,0.018497286,0.023059778,0.020884509,0.018585046,0.018168812,0.018127677061249993
2025-10-31,0.017865,0.018006412,0.017877149,0.017969294,0.027315027,0.018407173,0.023038773,0.02084899,0.018387046,0.018067551,0.018048633747566722
2025-11-03,0.017895,0.017817998,0.017889626,0.017887901,0.02726859,0.018347463,0.023016892,0.020806956,0.018417046,0.018084324,0.017858712964563126
2025-11-04,0.01791,0.017885486,0.017906043,0.01794683,0.027275626,0.018362564,0.023047509,0.020805634,0.018432046,0.018113633,0.01788960494378805
2025-11-05,0.017907,0.017973712,0.017933256,0.017958285,0.027279144,0.018401839,0.022787303,0.020797287,0.018429046,0.018121493,0.01790045503419103
2025-11-06,0.018013,0.017978977,0.018051016,0.01801461,0.02727844,0.018430088,0.022792157,0.020796802,0.018535046,0.01824963,0.01790953667604335
2025-11-07,0.018075,0.018023378,0.018078556,0.018089903,0.0273033,0.018480425,0.022801907,0.020810516,0.018597046,0.018311595,0.018016852967802966
2025-11-10,0.018097,0.018134291,0.018128399,0.018118666,0.027317841,0.018517874,0.022828233,0.020823133,0.018619046,0.018243319,0.01807828753929748
2025-11-11,0.01805,0.017999996,0.018068866,0.018124342,0.027323001,0.018472958,0.022771204,0.020839171,0.018572046,0.018212862,0.01810424570372426
2025-11-12,0.018039,0.017978054,0.018032767,0.018091916,0.027311978,0.018412087,0.022737273,0.020840531,0.018561046,0.018170385,0.018052247858343536
2025-11-13,0.018062,0.018088753,0.018071458,0.018084153,0.027309398,0.018398193,0.022722175,0.02084605,0.018584046,0.018210842,0.01803898331895043
2025-11-14,0.01808,0.018032056,0.01807447,0.018121464,0.027314792,0.018440883,0.022637814,0.020864102,0.018602046,0.018219576,0.01805927146073066
2025-11-17,0.018032,0.017984592,0.018043492,0.018079425,0.027319014,0.018412421,0.022611886,0.02085757,0.018554046,0.01814963,0.01808008060632176
2025-11-18,0.01804,0.018042361,0.018045458,0.018085114,0.027307756,0.018401517,0.022617986,0.020861519,0.018562046,0.018136921,0.01803240898008096
2025-11-19,0.018095,0.018154639,0.018094956,0.018126918,0.027309632,0.018466858,0.022634898,0.020872394,0.018617046,0.018202876,0.01804070916738263
2025-11-20,0.018102,0.01809837,0.018116439,0.01812472,0.027322531,0.018493476,0.022630399,0.020869695,0.018624046,0.018170268,0.01809370065856622
2025-11-21,0.018121,0.018028171,0.018113009,0.018126853,0.027324173,0.018497893,0.022631223,0.020870727,0.018643046,0.018204556,0.018103403851125143
2025-11-24,0.01818,0.018170902,0.01817423,0.018182831,0.027328629,0.018523216,0.022630171,0.020886997,0.018702046,0.018210134,0.018124680759028507
2025-11-25,0.018281,0.018252944,0.018283832,0.018282654,0.027342466,0.018576028,0.022663005,0.020915734,0.018803046,0.018285684,0.01818211153188585
2025-11-26,0.018503,0.018406699,0.018502695,0.01845312,0.027366154,0.018698519,0.022826677,0.020961654,0.019025046,0.018531937,0.01828527425311564
2025-11-27,0.018486,0.018484606,0.018504058,0.018505896,0.027418219,0.018713956,0.022813166,0.020988983,0.019008046,0.018525545,0.018513109565333922
2025-11-28,0.018411,0.018424163,0.018442474,0.018482202,0.027414232,0.018671567,0.022836539,0.021000073,0.018933046,0.018438831,0.018494085694968767
2025-12-01,0.018355,0.018382601,0.018373401,0.018443463,0.027396642,0.018612838,0.022831128,0.021005099,0.018877046,0.018359673,0.01842104014935777
2025-12-02,0.018435,0.018507424,0.018454946,0.018474168,0.027383509,0.01864319,0.022832987,0.021016772,0.018957046,0.018427287,0.018350611845304267
2025-12-03,0.01851,0.018520541,0.018510132,0.018481466,0.027402271,0.018703526,0.022800907,0.02102036,0.019032046,0.018488742,0.018431461463197664
2025-12-04,0.018715,0.01870482,0.018722043,0.018654434,0.027419861,0.018865675,0.022852553,0.021063323,0.019237046,0.018778377,0.018509384905325364
2025-12-05,0.01846,0.018508979,0.018486057,0.018563753,0.027467939,0.018757993,0.022867905,0.021056001,0.018982046,0.018658672,0.01872618347179533
2025-12-08,0.018476,0.018571054,0.018521968,0.018565723,0.027408134,0.018733608,0.022879604,0.021058758,0.018998046,0.018647514,0.018460653448464842
2025-12-09,0.018403,0.018525389,0.018420626,0.01848709,0.027411887,0.018669373,0.022882799,0.021038413,0.018925046,0.01855727,0.01848439912016283
2025-12-10,0.018423,0.018515585,0.018462392,0.01844406,0.027394766,0.018698858,0.022858188,0.021014484,0.018945046,0.0185642,0.01838610397074245
2025-12-11,0.018379,0.018323744,0.018380271,0.018364818,0.027399457,0.018676178,0.022840593,0.020990708,0.018901046,0.01848747,0.01842364008161071
2025-12-12,0.018379,0.01843153,0.018386541,0.018430219,0.027389137,0.018686186,0.022761049,0.021003095,0.018901046,0.018573313,0.018373810142923164
2025-12-15,0.01845,0.01850345,0.018464393,0.018481632,0.027389137,0.018702082,0.022799713,0.021010235,0.018972046,0.018735996,0.018380585024206652
2025-12-16,0.01845,0.018538467,0.018469817,0.018502232,0.027405789,0.01872944,0.022766528,0.021008982,0.018972046,0.018738304,0.01844927453475392
2025-12-17,0.01833,0.018421098,0.018373365,0.018420443,0.027405789,0.018687119,0.022824046,0.020983096,0.018852046,0.018570075,0.018451289539181688
2025-12-18,0.018329,0.018310758,0.018367075,0.018364798,0.027377646,0.018658394,0.022808419,0.020959833,0.018851046,0.018526605,0.01833091820920936
2025-12-19,0.018283,0.018314965,0.018293357,0.018368186,0.027377411,0.018639293,0.022729498,0.020963675,0.018805046,0.018436368,0.018327295507680065
2025-12-22,0.018385,0.01843907,0.018395609,0.018384903,0.027366623,0.018691561,0.022739441,0.020963347,0.018907046,0.018543171,0.01827500637631288
2025-12-23,0.018328,0.0183338,0.018321565,0.018362195,0.027390545,0.018660276,0.022733136,0.020958295,0.018850046,0.018388033,0.01838700257063901
2025-12-24,0.018335,0.018327361,0.018343675,0.01837833,0.027377176,0.018691275,0.022686527,0.020958209,0.018857046,0.018413476,0.01832558771946553
2025-12-25,0.018371,0.018354019,0.018395568,0.018415641,0.027378818,0.018691072,0.022691912,0.020965027,0.018893046,0.018440456,0.018340608283951284
2025-12-26,0.01833,0.018351009,0.018359985,0.018410072,0.027387261,0.018681908,0.022695336,0.020964822,0.018852046,0.018373423,0.0183685537687054
2025-12-29,0.018537,0.018534918,0.018549688,0.01849566,0.027377646,0.018784456,0.022869646,0.020982002,0.019059046,0.018589621,0.01833000476258625
2025-12-30,0.01851,0.018529731,0.018525092,0.01852569,0.027426193,0.018819169,0.022848026,0.020997369,0.019032046,0.018617191,0.01854328111241148
